{"cameraMode":{"drawMode":0,"name":"Shaded","section":"Shading Mode"},"sceneLighting":false,"audioPlay":false,"sceneViewState":{"showFog":true,"showMaterialUpdate":false,"showSkybox":true,"showFlares":true,"showImageEffects":true,"showParticleSystems":true},"in2DMode":false,"pivot":{"x":1085.667236328125,"y":323.97064208984377,"z":107.67324829101563},"rotation":{"x":0.04426245763897896,"y":-0.06931246817111969,"z":0.0034543820656836035,"w":0.9966066479682922},"size":660.8465576171875,"orthographic":false}